Umsatzanzeige;Kontokorrent Mueller Praezisionstechnik GmbH (fiktiv)
Zeitraum;01.01.2025 - 31.12.2025

Buchungstag;Valutadatum;Buchungstext;Verwendungszweck;Begünstigter/Zahlungspflichtiger;Betrag;Saldo;Währung
31.12.2025;31.12.2025;Überweisung;Lieferant Material / Löhne;Lieferant AG;20.326,95;-420.000,00;EUR
31.12.2025;31.12.2025;Gutschrift;Zahlung Kunde RE-65909;Kunde Gmbh;19.820,77;-440.326,95;EUR
30.12.2025;30.12.2025;Überweisung;Lieferant Material / Löhne;Lieferant AG;-32.375,85;-460.147,72;EUR
30.12.2025;30.12.2025;Gutschrift;Zahlung Kunde RE-52697;Kunde Gmbh;31.577,84;-427.771,87;EUR
29.12.2025;29.12.2025;Überweisung;Lieferant Material / Löhne;Lieferant AG;-31.764,29;-459.349,71;EUR
29.12.2025;29.12.2025;Gutschrift;Zahlung Kunde RE-73136;Kunde Gmbh;34.486,38;-427.585,42;EUR
26.12.2025;26.12.2025;Überweisung;Lieferant Material / Löhne;Lieferant AG;-15.596,85;-462.071,80;EUR
26.12.2025;26.12.2025;Gutschrift;Zahlung Kunde RE-18484;Kunde Gmbh;22.419,23;-446.474,95;EUR
25.12.2025;25.12.2025;Überweisung;Lieferant Material / Löhne;Lieferant AG;-21.932,83;-468.894,18;EUR
25.12.2025;25.12.2025;Gutschrift;Zahlung Kunde RE-30963;Kunde Gmbh;26.750,56;-446.961,35;EUR
24.12.2025;24.12.2025;Überweisung;Lieferant Material / Löhne;Lieferant AG;-16.586,12;-473.711,91;EUR
24.12.2025;24.12.2025;Gutschrift;Zahlung Kunde RE-35862;Kunde Gmbh;17.370,45;-457.125,79;EUR
23.12.2025;23.12.2025;Überweisung;Lieferant Material / Löhne;Lieferant AG;-28.697,55;-474.496,24;EUR
23.12.2025;23.12.2025;Gutschrift;Zahlung Kunde RE-88081;Kunde Gmbh;25.855,75;-445.798,69;EUR
22.12.2025;22.12.2025;Überweisung;Lieferant Material / Löhne;Lieferant AG;-25.875,50;-471.654,44;EUR
22.12.2025;22.12.2025;Gutschrift;Zahlung Kunde RE-70395;Kunde Gmbh;40.837,27;-445.778,94;EUR
19.12.2025;19.12.2025;Überweisung;Lieferant Material / Löhne;Lieferant AG;-40.163,62;-486.616,21;EUR
19.12.2025;19.12.2025;Gutschrift;Zahlung Kunde RE-52965;Kunde Gmbh;33.217,63;-446.452,59;EUR
18.12.2025;18.12.2025;Überweisung;Lieferant Material / Löhne;Lieferant AG;-36.112,39;-479.670,22;EUR
18.12.2025;18.12.2025;Gutschrift;Zahlung Kunde RE-29833;Kunde Gmbh;39.682,66;-443.557,83;EUR
17.12.2025;17.12.2025;Überweisung;Lieferant Material / Löhne;Lieferant AG;-17.450,58;-483.240,49;EUR
17.12.2025;17.12.2025;Gutschrift;Zahlung Kunde RE-49756;Kunde Gmbh;15.261,16;-465.789,91;EUR
16.12.2025;16.12.2025;Überweisung;Lieferant Material / Löhne;Lieferant AG;-31.102,47;-481.051,07;EUR
16.12.2025;16.12.2025;Gutschrift;Zahlung Kunde RE-33978;Kunde Gmbh;42.842,98;-449.948,60;EUR
15.12.2025;15.12.2025;Überweisung;Lieferant Material / Löhne;Lieferant AG;-35.882,18;-492.791,58;EUR
15.12.2025;15.12.2025;Gutschrift;Zahlung Kunde RE-27394;Kunde Gmbh;39.444,01;-456.909,40;EUR
12.12.2025;12.12.2025;Überweisung;Lieferant Material / Löhne;Lieferant AG;-38.175,48;-496.353,41;EUR
12.12.2025;12.12.2025;Gutschrift;Zahlung Kunde RE-66352;Kunde Gmbh;38.693,97;-458.177,93;EUR
11.12.2025;11.12.2025;Überweisung;Lieferant Material / Löhne;Lieferant AG;-50.161,97;-496.871,90;EUR
11.12.2025;11.12.2025;Gutschrift;Zahlung Kunde RE-60661;Kunde Gmbh;43.617,32;-446.709,93;EUR
10.12.2025;10.12.2025;Überweisung;Lieferant Material / Löhne;Lieferant AG;-15.988,99;-490.327,25;EUR
10.12.2025;10.12.2025;Gutschrift;Zahlung Kunde RE-71045;Kunde Gmbh;18.217,84;-474.338,26;EUR
09.12.2025;09.12.2025;Überweisung;Lieferant Material / Löhne;Lieferant AG;-19.356,26;-492.556,10;EUR
09.12.2025;09.12.2025;Gutschrift;Zahlung Kunde RE-40653;Kunde Gmbh;15.727,70;-473.199,84;EUR
08.12.2025;08.12.2025;Überweisung;Lieferant Material / Löhne;Lieferant AG;-41.234,90;-488.927,54;EUR
08.12.2025;08.12.2025;Gutschrift;Zahlung Kunde RE-18563;Kunde Gmbh;43.394,63;-447.692,64;EUR
05.12.2025;05.12.2025;Überweisung;Lieferant Material / Löhne;Lieferant AG;-43.520,34;-491.087,27;EUR
05.12.2025;05.12.2025;Gutschrift;Zahlung Kunde RE-93097;Kunde Gmbh;42.493,79;-447.566,93;EUR
04.12.2025;04.12.2025;Überweisung;Lieferant Material / Löhne;Lieferant AG;-9.279,08;-490.060,72;EUR
04.12.2025;04.12.2025;Gutschrift;Zahlung Kunde RE-88062;Kunde Gmbh;15.113,15;-480.781,64;EUR
03.12.2025;03.12.2025;Überweisung;Lieferant Material / Löhne;Lieferant AG;-39.368,78;-495.894,79;EUR
03.12.2025;03.12.2025;Gutschrift;Zahlung Kunde RE-48981;Kunde Gmbh;42.726,84;-456.526,01;EUR
02.12.2025;02.12.2025;Überweisung;Lieferant Material / Löhne;Lieferant AG;-18.270,87;-499.252,85;EUR
02.12.2025;02.12.2025;Gutschrift;Zahlung Kunde RE-51482;Kunde Gmbh;16.307,57;-480.981,98;EUR
01.12.2025;01.12.2025;Überweisung;Lieferant Material / Löhne;Lieferant AG;-45.195,78;-497.289,55;EUR
01.12.2025;01.12.2025;Gutschrift;Zahlung Kunde RE-90868;Kunde Gmbh;43.730,69;-452.093,77;EUR
28.11.2025;28.11.2025;Überweisung;Lieferant Material / Löhne;Lieferant AG;-24.700,97;-495.824,46;EUR
28.11.2025;28.11.2025;Gutschrift;Zahlung Kunde RE-53905;Kunde Gmbh;25.889,23;-471.123,49;EUR
27.11.2025;27.11.2025;Überweisung;Lieferant Material / Löhne;Lieferant AG;-53.215,99;-497.012,72;EUR
27.11.2025;27.11.2025;Gutschrift;Zahlung Kunde RE-54442;Kunde Gmbh;41.956,55;-443.796,73;EUR
26.11.2025;26.11.2025;Überweisung;Lieferant Material / Löhne;Lieferant AG;-21.481,19;-485.753,28;EUR
26.11.2025;26.11.2025;Gutschrift;Zahlung Kunde RE-18238;Kunde Gmbh;22.710,48;-464.272,09;EUR
25.11.2025;25.11.2025;Überweisung;Lieferant Material / Löhne;Lieferant AG;-20.321,87;-486.982,57;EUR
25.11.2025;25.11.2025;Gutschrift;Zahlung Kunde RE-18126;Kunde Gmbh;16.877,40;-466.660,70;EUR
24.11.2025;24.11.2025;Überweisung;Lieferant Material / Löhne;Lieferant AG;-25.849,85;-483.538,10;EUR
24.11.2025;24.11.2025;Gutschrift;Zahlung Kunde RE-70824;Kunde Gmbh;26.267,03;-457.688,25;EUR
21.11.2025;21.11.2025;Überweisung;Lieferant Material / Löhne;Lieferant AG;-36.013,03;-483.955,28;EUR
21.11.2025;21.11.2025;Gutschrift;Zahlung Kunde RE-15328;Kunde Gmbh;38.000,04;-447.942,25;EUR
20.11.2025;20.11.2025;Überweisung;Lieferant Material / Löhne;Lieferant AG;-20.306,93;-485.942,29;EUR
20.11.2025;20.11.2025;Gutschrift;Zahlung Kunde RE-91973;Kunde Gmbh;22.440,39;-465.635,36;EUR
19.11.2025;19.11.2025;Überweisung;Lieferant Material / Löhne;Lieferant AG;-22.707,97;-488.075,75;EUR
19.11.2025;19.11.2025;Gutschrift;Zahlung Kunde RE-63844;Kunde Gmbh;15.908,46;-465.367,78;EUR
18.11.2025;18.11.2025;Überweisung;Lieferant Material / Löhne;Lieferant AG;-27.894,78;-481.276,24;EUR
18.11.2025;18.11.2025;Gutschrift;Zahlung Kunde RE-72198;Kunde Gmbh;24.699,28;-453.381,46;EUR
17.11.2025;17.11.2025;Überweisung;Lieferant Material / Löhne;Lieferant AG;-45.842,22;-478.080,74;EUR
17.11.2025;17.11.2025;Gutschrift;Zahlung Kunde RE-35300;Kunde Gmbh;42.585,19;-432.238,52;EUR
14.11.2025;14.11.2025;Überweisung;Lieferant Material / Löhne;Lieferant AG;-21.613,25;-474.823,71;EUR
14.11.2025;14.11.2025;Gutschrift;Zahlung Kunde RE-80979;Kunde Gmbh;20.871,47;-453.210,46;EUR
13.11.2025;13.11.2025;Überweisung;Lieferant Material / Löhne;Lieferant AG;-21.657,82;-474.081,93;EUR
13.11.2025;13.11.2025;Gutschrift;Zahlung Kunde RE-72057;Kunde Gmbh;17.632,81;-452.424,11;EUR
12.11.2025;12.11.2025;Überweisung;Lieferant Material / Löhne;Lieferant AG;-44.169,32;-470.056,92;EUR
12.11.2025;12.11.2025;Gutschrift;Zahlung Kunde RE-66681;Kunde Gmbh;39.660,24;-425.887,60;EUR
11.11.2025;11.11.2025;Überweisung;Lieferant Material / Löhne;Lieferant AG;-27.869,94;-465.547,84;EUR
11.11.2025;11.11.2025;Gutschrift;Zahlung Kunde RE-50461;Kunde Gmbh;26.403,89;-437.677,90;EUR
10.11.2025;10.11.2025;Überweisung;Lieferant Material / Löhne;Lieferant AG;-46.432,43;-464.081,79;EUR
10.11.2025;10.11.2025;Gutschrift;Zahlung Kunde RE-37184;Kunde Gmbh;31.833,87;-417.649,36;EUR
07.11.2025;07.11.2025;Überweisung;Lieferant Material / Löhne;Lieferant AG;-22.292,80;-449.483,23;EUR
07.11.2025;07.11.2025;Gutschrift;Zahlung Kunde RE-26214;Kunde Gmbh;25.544,01;-427.190,43;EUR
06.11.2025;06.11.2025;Überweisung;Lieferant Material / Löhne;Lieferant AG;-19.127,57;-452.734,44;EUR
06.11.2025;06.11.2025;Gutschrift;Zahlung Kunde RE-20585;Kunde Gmbh;17.347,26;-433.606,87;EUR
05.11.2025;05.11.2025;Überweisung;Lieferant Material / Löhne;Lieferant AG;-29.642,03;-450.954,13;EUR
05.11.2025;05.11.2025;Gutschrift;Zahlung Kunde RE-10376;Kunde Gmbh;20.077,83;-421.312,10;EUR
04.11.2025;04.11.2025;Überweisung;Lieferant Material / Löhne;Lieferant AG;-38.729,15;-441.389,93;EUR
04.11.2025;04.11.2025;Gutschrift;Zahlung Kunde RE-67990;Kunde Gmbh;44.549,49;-402.660,78;EUR
03.11.2025;03.11.2025;Überweisung;Lieferant Material / Löhne;Lieferant AG;-45.098,87;-447.210,27;EUR
03.11.2025;03.11.2025;Gutschrift;Zahlung Kunde RE-59005;Kunde Gmbh;36.761,32;-402.111,40;EUR
31.10.2025;31.10.2025;Überweisung;Lieferant Material / Löhne;Lieferant AG;-25.348,53;-438.872,72;EUR
31.10.2025;31.10.2025;Gutschrift;Zahlung Kunde RE-97088;Kunde Gmbh;15.956,81;-413.524,19;EUR
30.10.2025;30.10.2025;Überweisung;Lieferant Material / Löhne;Lieferant AG;-46.974,36;-429.481,00;EUR
30.10.2025;30.10.2025;Gutschrift;Zahlung Kunde RE-71291;Kunde Gmbh;43.076,45;-382.506,64;EUR
29.10.2025;29.10.2025;Überweisung;Lieferant Material / Löhne;Lieferant AG;-17.247,29;-425.583,09;EUR
29.10.2025;29.10.2025;Gutschrift;Zahlung Kunde RE-95520;Kunde Gmbh;20.720,51;-408.335,80;EUR
28.10.2025;28.10.2025;Überweisung;Lieferant Material / Löhne;Lieferant AG;-55.161,13;-429.056,31;EUR
28.10.2025;28.10.2025;Gutschrift;Zahlung Kunde RE-53154;Kunde Gmbh;42.947,86;-373.895,18;EUR
27.10.2025;27.10.2025;Überweisung;Lieferant Material / Löhne;Lieferant AG;-37.175,16;-416.843,04;EUR
27.10.2025;27.10.2025;Gutschrift;Zahlung Kunde RE-20402;Kunde Gmbh;36.981,71;-379.667,88;EUR
24.10.2025;24.10.2025;Überweisung;Lieferant Material / Löhne;Lieferant AG;-47.359,85;-416.649,59;EUR
24.10.2025;24.10.2025;Gutschrift;Zahlung Kunde RE-51182;Kunde Gmbh;41.945,02;-369.289,74;EUR
23.10.2025;23.10.2025;Überweisung;Lieferant Material / Löhne;Lieferant AG;-21.926,20;-411.234,76;EUR
23.10.2025;23.10.2025;Gutschrift;Zahlung Kunde RE-68935;Kunde Gmbh;20.523,14;-389.308,56;EUR
22.10.2025;22.10.2025;Überweisung;Lieferant Material / Löhne;Lieferant AG;-35.328,09;-409.831,70;EUR
22.10.2025;22.10.2025;Gutschrift;Zahlung Kunde RE-17882;Kunde Gmbh;27.461,55;-374.503,61;EUR
21.10.2025;21.10.2025;Überweisung;Lieferant Material / Löhne;Lieferant AG;-43.816,74;-401.965,16;EUR
21.10.2025;21.10.2025;Gutschrift;Zahlung Kunde RE-28600;Kunde Gmbh;44.223,59;-358.148,42;EUR
20.10.2025;20.10.2025;Überweisung;Lieferant Material / Löhne;Lieferant AG;-36.811,62;-402.372,01;EUR
20.10.2025;20.10.2025;Gutschrift;Zahlung Kunde RE-13097;Kunde Gmbh;16.630,75;-365.560,39;EUR
17.10.2025;17.10.2025;Überweisung;Lieferant Material / Löhne;Lieferant AG;-18.214,50;-382.191,14;EUR
17.10.2025;17.10.2025;Gutschrift;Zahlung Kunde RE-61571;Kunde Gmbh;19.391,49;-363.976,64;EUR
16.10.2025;16.10.2025;Überweisung;Lieferant Material / Löhne;Lieferant AG;-16.508,57;-383.368,13;EUR
16.10.2025;16.10.2025;Gutschrift;Zahlung Kunde RE-87961;Kunde Gmbh;16.692,51;-366.859,56;EUR
15.10.2025;15.10.2025;Überweisung;Lieferant Material / Löhne;Lieferant AG;-39.100,06;-383.552,07;EUR
15.10.2025;15.10.2025;Gutschrift;Zahlung Kunde RE-97201;Kunde Gmbh;27.510,87;-344.452,01;EUR
14.10.2025;14.10.2025;Überweisung;Lieferant Material / Löhne;Lieferant AG;-44.483,66;-371.962,88;EUR
14.10.2025;14.10.2025;Gutschrift;Zahlung Kunde RE-73576;Kunde Gmbh;41.894,29;-327.479,22;EUR
13.10.2025;13.10.2025;Überweisung;Lieferant Material / Löhne;Lieferant AG;-35.056,33;-369.373,51;EUR
13.10.2025;13.10.2025;Gutschrift;Zahlung Kunde RE-34551;Kunde Gmbh;29.872,94;-334.317,18;EUR
10.10.2025;10.10.2025;Überweisung;Lieferant Material / Löhne;Lieferant AG;-22.186,58;-364.190,12;EUR
10.10.2025;10.10.2025;Gutschrift;Zahlung Kunde RE-91736;Kunde Gmbh;18.270,24;-342.003,54;EUR
09.10.2025;09.10.2025;Überweisung;Lieferant Material / Löhne;Lieferant AG;-25.192,04;-360.273,78;EUR
09.10.2025;09.10.2025;Gutschrift;Zahlung Kunde RE-48657;Kunde Gmbh;22.950,66;-335.081,74;EUR
08.10.2025;08.10.2025;Überweisung;Lieferant Material / Löhne;Lieferant AG;-27.977,06;-358.032,40;EUR
08.10.2025;08.10.2025;Gutschrift;Zahlung Kunde RE-39024;Kunde Gmbh;21.924,26;-330.055,34;EUR
07.10.2025;07.10.2025;Überweisung;Lieferant Material / Löhne;Lieferant AG;-38.928,80;-351.979,60;EUR
07.10.2025;07.10.2025;Gutschrift;Zahlung Kunde RE-35419;Kunde Gmbh;37.975,71;-313.050,80;EUR
06.10.2025;06.10.2025;Überweisung;Lieferant Material / Löhne;Lieferant AG;-52.302,44;-351.026,51;EUR
06.10.2025;06.10.2025;Gutschrift;Zahlung Kunde RE-50857;Kunde Gmbh;44.095,76;-298.724,07;EUR
03.10.2025;03.10.2025;Überweisung;Lieferant Material / Löhne;Lieferant AG;-25.544,45;-342.819,83;EUR
03.10.2025;03.10.2025;Gutschrift;Zahlung Kunde RE-74971;Kunde Gmbh;17.022,97;-317.275,38;EUR
02.10.2025;02.10.2025;Überweisung;Lieferant Material / Löhne;Lieferant AG;-38.168,46;-334.298,35;EUR
02.10.2025;02.10.2025;Gutschrift;Zahlung Kunde RE-76175;Kunde Gmbh;37.173,88;-296.129,89;EUR
01.10.2025;01.10.2025;Überweisung;Lieferant Material / Löhne;Lieferant AG;-21.318,32;-333.303,77;EUR
01.10.2025;01.10.2025;Gutschrift;Zahlung Kunde RE-48287;Kunde Gmbh;20.942,39;-311.985,45;EUR
30.09.2025;30.09.2025;Überweisung;Lieferant Material / Löhne;Lieferant AG;-27.903,83;-332.927,84;EUR
30.09.2025;30.09.2025;Gutschrift;Zahlung Kunde RE-61951;Kunde Gmbh;25.869,60;-305.024,01;EUR
29.09.2025;29.09.2025;Überweisung;Lieferant Material / Löhne;Lieferant AG;-40.343,79;-330.893,61;EUR
29.09.2025;29.09.2025;Gutschrift;Zahlung Kunde RE-65123;Kunde Gmbh;35.874,68;-290.549,82;EUR
26.09.2025;26.09.2025;Überweisung;Lieferant Material / Löhne;Lieferant AG;-27.905,98;-326.424,50;EUR
26.09.2025;26.09.2025;Gutschrift;Zahlung Kunde RE-14469;Kunde Gmbh;21.803,58;-298.518,52;EUR
25.09.2025;25.09.2025;Überweisung;Lieferant Material / Löhne;Lieferant AG;-24.552,55;-320.322,10;EUR
25.09.2025;25.09.2025;Gutschrift;Zahlung Kunde RE-58525;Kunde Gmbh;27.729,67;-295.769,55;EUR
24.09.2025;24.09.2025;Überweisung;Lieferant Material / Löhne;Lieferant AG;-33.038,41;-323.499,22;EUR
24.09.2025;24.09.2025;Gutschrift;Zahlung Kunde RE-97471;Kunde Gmbh;22.717,68;-290.460,81;EUR
23.09.2025;23.09.2025;Überweisung;Lieferant Material / Löhne;Lieferant AG;-33.758,93;-313.178,49;EUR
23.09.2025;23.09.2025;Gutschrift;Zahlung Kunde RE-20628;Kunde Gmbh;34.415,05;-279.419,56;EUR
22.09.2025;22.09.2025;Überweisung;Lieferant Material / Löhne;Lieferant AG;-26.523,62;-313.834,61;EUR
22.09.2025;22.09.2025;Gutschrift;Zahlung Kunde RE-98403;Kunde Gmbh;20.823,46;-287.310,99;EUR
19.09.2025;19.09.2025;Überweisung;Lieferant Material / Löhne;Lieferant AG;-27.941,04;-308.134,45;EUR
19.09.2025;19.09.2025;Gutschrift;Zahlung Kunde RE-12855;Kunde Gmbh;24.221,93;-280.193,41;EUR
18.09.2025;18.09.2025;Überweisung;Lieferant Material / Löhne;Lieferant AG;-42.388,36;-304.415,34;EUR
18.09.2025;18.09.2025;Gutschrift;Zahlung Kunde RE-95150;Kunde Gmbh;43.818,43;-262.026,98;EUR
17.09.2025;17.09.2025;Überweisung;Lieferant Material / Löhne;Lieferant AG;-29.280,61;-305.845,41;EUR
17.09.2025;17.09.2025;Gutschrift;Zahlung Kunde RE-13837;Kunde Gmbh;31.410,07;-276.564,80;EUR
16.09.2025;16.09.2025;Überweisung;Lieferant Material / Löhne;Lieferant AG;-38.157,51;-307.974,87;EUR
16.09.2025;16.09.2025;Gutschrift;Zahlung Kunde RE-40771;Kunde Gmbh;29.259,13;-269.817,36;EUR
15.09.2025;15.09.2025;Überweisung;Lieferant Material / Löhne;Lieferant AG;-33.495,73;-299.076,49;EUR
15.09.2025;15.09.2025;Gutschrift;Zahlung Kunde RE-41766;Kunde Gmbh;34.337,27;-265.580,76;EUR
12.09.2025;12.09.2025;Überweisung;Lieferant Material / Löhne;Lieferant AG;-19.231,35;-299.918,03;EUR
12.09.2025;12.09.2025;Gutschrift;Zahlung Kunde RE-51465;Kunde Gmbh;23.358,11;-280.686,68;EUR
11.09.2025;11.09.2025;Überweisung;Lieferant Material / Löhne;Lieferant AG;-30.918,89;-304.044,79;EUR
11.09.2025;11.09.2025;Gutschrift;Zahlung Kunde RE-70383;Kunde Gmbh;24.045,64;-273.125,90;EUR
10.09.2025;10.09.2025;Überweisung;Lieferant Material / Löhne;Lieferant AG;-15.834,40;-297.171,54;EUR
10.09.2025;10.09.2025;Gutschrift;Zahlung Kunde RE-80448;Kunde Gmbh;15.034,56;-281.337,14;EUR
09.09.2025;09.09.2025;Überweisung;Lieferant Material / Löhne;Lieferant AG;-21.928,96;-296.371,70;EUR
09.09.2025;09.09.2025;Gutschrift;Zahlung Kunde RE-88782;Kunde Gmbh;21.707,49;-274.442,74;EUR
08.09.2025;08.09.2025;Überweisung;Lieferant Material / Löhne;Lieferant AG;-26.628,68;-296.150,23;EUR
08.09.2025;08.09.2025;Gutschrift;Zahlung Kunde RE-44194;Kunde Gmbh;20.751,05;-269.521,55;EUR
05.09.2025;05.09.2025;Überweisung;Lieferant Material / Löhne;Lieferant AG;-26.994,02;-290.272,60;EUR
05.09.2025;05.09.2025;Gutschrift;Zahlung Kunde RE-86400;Kunde Gmbh;30.733,10;-263.278,58;EUR
04.09.2025;04.09.2025;Überweisung;Lieferant Material / Löhne;Lieferant AG;-16.474,86;-294.011,68;EUR
04.09.2025;04.09.2025;Gutschrift;Zahlung Kunde RE-49367;Kunde Gmbh;17.983,34;-277.536,82;EUR
03.09.2025;03.09.2025;Überweisung;Lieferant Material / Löhne;Lieferant AG;-26.745,68;-295.520,16;EUR
03.09.2025;03.09.2025;Gutschrift;Zahlung Kunde RE-24697;Kunde Gmbh;28.122,92;-268.774,48;EUR
02.09.2025;02.09.2025;Überweisung;Lieferant Material / Löhne;Lieferant AG;-28.985,55;-296.897,40;EUR
02.09.2025;02.09.2025;Gutschrift;Zahlung Kunde RE-93399;Kunde Gmbh;22.553,82;-267.911,85;EUR
01.09.2025;01.09.2025;Überweisung;Lieferant Material / Löhne;Lieferant AG;-34.629,50;-290.465,67;EUR
01.09.2025;01.09.2025;Gutschrift;Zahlung Kunde RE-92113;Kunde Gmbh;43.873,05;-255.836,17;EUR
29.08.2025;29.08.2025;Überweisung;Lieferant Material / Löhne;Lieferant AG;-37.577,84;-299.709,22;EUR
29.08.2025;29.08.2025;Gutschrift;Zahlung Kunde RE-49817;Kunde Gmbh;34.365,17;-262.131,38;EUR
28.08.2025;28.08.2025;Überweisung;Lieferant Material / Löhne;Lieferant AG;-16.998,82;-296.496,55;EUR
28.08.2025;28.08.2025;Gutschrift;Zahlung Kunde RE-14927;Kunde Gmbh;21.977,30;-279.497,73;EUR
27.08.2025;27.08.2025;Überweisung;Lieferant Material / Löhne;Lieferant AG;-14.727,86;-301.475,03;EUR
27.08.2025;27.08.2025;Gutschrift;Zahlung Kunde RE-26469;Kunde Gmbh;15.040,98;-286.747,17;EUR
26.08.2025;26.08.2025;Überweisung;Lieferant Material / Löhne;Lieferant AG;-16.000,86;-301.788,15;EUR
26.08.2025;26.08.2025;Gutschrift;Zahlung Kunde RE-15183;Kunde Gmbh;17.550,10;-285.787,29;EUR
25.08.2025;25.08.2025;Überweisung;Lieferant Material / Löhne;Lieferant AG;-43.999,82;-303.337,39;EUR
25.08.2025;25.08.2025;Gutschrift;Zahlung Kunde RE-69942;Kunde Gmbh;40.395,26;-259.337,57;EUR
22.08.2025;22.08.2025;Überweisung;Lieferant Material / Löhne;Lieferant AG;-11.516,00;-299.732,83;EUR
22.08.2025;22.08.2025;Gutschrift;Zahlung Kunde RE-94849;Kunde Gmbh;18.266,71;-288.216,83;EUR
21.08.2025;21.08.2025;Überweisung;Lieferant Material / Löhne;Lieferant AG;-35.067,40;-306.483,54;EUR
21.08.2025;21.08.2025;Gutschrift;Zahlung Kunde RE-99400;Kunde Gmbh;30.670,97;-271.416,14;EUR
20.08.2025;20.08.2025;Überweisung;Lieferant Material / Löhne;Lieferant AG;-15.124,17;-302.087,11;EUR
20.08.2025;20.08.2025;Gutschrift;Zahlung Kunde RE-29931;Kunde Gmbh;21.714,01;-286.962,94;EUR
19.08.2025;19.08.2025;Überweisung;Lieferant Material / Löhne;Lieferant AG;-22.123,84;-308.676,95;EUR
19.08.2025;19.08.2025;Gutschrift;Zahlung Kunde RE-24292;Kunde Gmbh;22.453,96;-286.553,11;EUR
18.08.2025;18.08.2025;Überweisung;Lieferant Material / Löhne;Lieferant AG;-28.428,28;-309.007,07;EUR
18.08.2025;18.08.2025;Gutschrift;Zahlung Kunde RE-68844;Kunde Gmbh;40.663,88;-280.578,79;EUR
15.08.2025;15.08.2025;Überweisung;Lieferant Material / Löhne;Lieferant AG;-45.726,89;-321.242,67;EUR
15.08.2025;15.08.2025;Gutschrift;Zahlung Kunde RE-79187;Kunde Gmbh;42.907,16;-275.515,78;EUR
14.08.2025;14.08.2025;Überweisung;Lieferant Material / Löhne;Lieferant AG;-10.343,88;-318.422,94;EUR
14.08.2025;14.08.2025;Gutschrift;Zahlung Kunde RE-61317;Kunde Gmbh;15.005,36;-308.079,06;EUR
13.08.2025;13.08.2025;Überweisung;Lieferant Material / Löhne;Lieferant AG;-45.360,96;-323.084,42;EUR
13.08.2025;13.08.2025;Gutschrift;Zahlung Kunde RE-74202;Kunde Gmbh;44.048,44;-277.723,46;EUR
12.08.2025;12.08.2025;Überweisung;Lieferant Material / Löhne;Lieferant AG;-37.707,43;-321.771,90;EUR
12.08.2025;12.08.2025;Gutschrift;Zahlung Kunde RE-72032;Kunde Gmbh;36.285,35;-284.064,47;EUR
11.08.2025;11.08.2025;Überweisung;Lieferant Material / Löhne;Lieferant AG;-8.890,92;-320.349,82;EUR
11.08.2025;11.08.2025;Gutschrift;Zahlung Kunde RE-65731;Kunde Gmbh;18.817,41;-311.458,90;EUR
08.08.2025;08.08.2025;Überweisung;Lieferant Material / Löhne;Lieferant AG;-38.878,18;-330.276,31;EUR
08.08.2025;08.08.2025;Gutschrift;Zahlung Kunde RE-12858;Kunde Gmbh;40.460,51;-291.398,13;EUR
07.08.2025;07.08.2025;Überweisung;Lieferant Material / Löhne;Lieferant AG;-16.499,71;-331.858,64;EUR
07.08.2025;07.08.2025;Gutschrift;Zahlung Kunde RE-50896;Kunde Gmbh;28.375,75;-315.358,93;EUR
06.08.2025;06.08.2025;Überweisung;Lieferant Material / Löhne;Lieferant AG;-23.350,14;-343.734,68;EUR
06.08.2025;06.08.2025;Gutschrift;Zahlung Kunde RE-94645;Kunde Gmbh;26.536,82;-320.384,54;EUR
05.08.2025;05.08.2025;Überweisung;Lieferant Material / Löhne;Lieferant AG;-15.333,90;-346.921,36;EUR
05.08.2025;05.08.2025;Gutschrift;Zahlung Kunde RE-42565;Kunde Gmbh;17.777,94;-331.587,46;EUR
04.08.2025;04.08.2025;Überweisung;Lieferant Material / Löhne;Lieferant AG;-27.448,24;-349.365,40;EUR
04.08.2025;04.08.2025;Gutschrift;Zahlung Kunde RE-38306;Kunde Gmbh;33.888,81;-321.917,16;EUR
01.08.2025;01.08.2025;Überweisung;Lieferant Material / Löhne;Lieferant AG;-32.363,00;-355.805,97;EUR
01.08.2025;01.08.2025;Gutschrift;Zahlung Kunde RE-79366;Kunde Gmbh;35.602,60;-323.442,97;EUR
31.07.2025;31.07.2025;Überweisung;Lieferant Material / Löhne;Lieferant AG;-47.723,27;-359.045,57;EUR
31.07.2025;31.07.2025;Gutschrift;Zahlung Kunde RE-26498;Kunde Gmbh;44.030,56;-311.322,30;EUR
30.07.2025;30.07.2025;Überweisung;Lieferant Material / Löhne;Lieferant AG;-24.636,98;-355.352,86;EUR
30.07.2025;30.07.2025;Gutschrift;Zahlung Kunde RE-85272;Kunde Gmbh;29.944,38;-330.715,88;EUR
29.07.2025;29.07.2025;Überweisung;Lieferant Material / Löhne;Lieferant AG;-16.232,60;-360.660,26;EUR
29.07.2025;29.07.2025;Gutschrift;Zahlung Kunde RE-18134;Kunde Gmbh;25.146,09;-344.427,66;EUR
28.07.2025;28.07.2025;Überweisung;Lieferant Material / Löhne;Lieferant AG;-12.985,58;-369.573,75;EUR
28.07.2025;28.07.2025;Gutschrift;Zahlung Kunde RE-45420;Kunde Gmbh;21.300,15;-356.588,17;EUR
25.07.2025;25.07.2025;Überweisung;Lieferant Material / Löhne;Lieferant AG;-26.350,34;-377.888,32;EUR
25.07.2025;25.07.2025;Gutschrift;Zahlung Kunde RE-78703;Kunde Gmbh;26.485,14;-351.537,98;EUR
24.07.2025;24.07.2025;Überweisung;Lieferant Material / Löhne;Lieferant AG;-34.459,01;-378.023,12;EUR
24.07.2025;24.07.2025;Gutschrift;Zahlung Kunde RE-64104;Kunde Gmbh;37.489,73;-343.564,11;EUR
23.07.2025;23.07.2025;Überweisung;Lieferant Material / Löhne;Lieferant AG;-19.164,78;-381.053,84;EUR
23.07.2025;23.07.2025;Gutschrift;Zahlung Kunde RE-12632;Kunde Gmbh;21.064,26;-361.889,06;EUR
22.07.2025;22.07.2025;Überweisung;Lieferant Material / Löhne;Lieferant AG;-19.621,23;-382.953,32;EUR
22.07.2025;22.07.2025;Gutschrift;Zahlung Kunde RE-84660;Kunde Gmbh;26.049,16;-363.332,09;EUR
21.07.2025;21.07.2025;Überweisung;Lieferant Material / Löhne;Lieferant AG;-7.318,73;-389.381,25;EUR
21.07.2025;21.07.2025;Gutschrift;Zahlung Kunde RE-41342;Kunde Gmbh;17.732,83;-382.062,52;EUR
18.07.2025;18.07.2025;Überweisung;Lieferant Material / Löhne;Lieferant AG;-14.728,13;-399.795,35;EUR
18.07.2025;18.07.2025;Gutschrift;Zahlung Kunde RE-82859;Kunde Gmbh;20.240,85;-385.067,22;EUR
17.07.2025;17.07.2025;Überweisung;Lieferant Material / Löhne;Lieferant AG;-21.685,03;-405.308,07;EUR
17.07.2025;17.07.2025;Gutschrift;Zahlung Kunde RE-21890;Kunde Gmbh;20.772,21;-383.623,04;EUR
16.07.2025;16.07.2025;Überweisung;Lieferant Material / Löhne;Lieferant AG;-25.138,41;-404.395,25;EUR
16.07.2025;16.07.2025;Gutschrift;Zahlung Kunde RE-81799;Kunde Gmbh;27.822,69;-379.256,84;EUR
15.07.2025;15.07.2025;Überweisung;Lieferant Material / Löhne;Lieferant AG;-35.490,13;-407.079,53;EUR
15.07.2025;15.07.2025;Gutschrift;Zahlung Kunde RE-68977;Kunde Gmbh;42.187,78;-371.589,40;EUR
14.07.2025;14.07.2025;Überweisung;Lieferant Material / Löhne;Lieferant AG;-16.756,73;-413.777,18;EUR
14.07.2025;14.07.2025;Gutschrift;Zahlung Kunde RE-69373;Kunde Gmbh;31.511,60;-397.020,45;EUR
11.07.2025;11.07.2025;Überweisung;Lieferant Material / Löhne;Lieferant AG;-26.678,62;-428.532,05;EUR
11.07.2025;11.07.2025;Gutschrift;Zahlung Kunde RE-75152;Kunde Gmbh;30.018,14;-401.853,43;EUR
10.07.2025;10.07.2025;Überweisung;Lieferant Material / Löhne;Lieferant AG;-18.356,60;-431.871,57;EUR
10.07.2025;10.07.2025;Gutschrift;Zahlung Kunde RE-37246;Kunde Gmbh;19.849,71;-413.514,97;EUR
09.07.2025;09.07.2025;Überweisung;Lieferant Material / Löhne;Lieferant AG;-22.497,01;-433.364,68;EUR
09.07.2025;09.07.2025;Gutschrift;Zahlung Kunde RE-94306;Kunde Gmbh;18.592,28;-410.867,67;EUR
08.07.2025;08.07.2025;Überweisung;Lieferant Material / Löhne;Lieferant AG;-28.983,76;-429.459,95;EUR
08.07.2025;08.07.2025;Gutschrift;Zahlung Kunde RE-61690;Kunde Gmbh;31.719,65;-400.476,19;EUR
07.07.2025;07.07.2025;Überweisung;Lieferant Material / Löhne;Lieferant AG;-12.705,36;-432.195,84;EUR
07.07.2025;07.07.2025;Gutschrift;Zahlung Kunde RE-73331;Kunde Gmbh;22.159,95;-419.490,48;EUR
04.07.2025;04.07.2025;Überweisung;Lieferant Material / Löhne;Lieferant AG;-16.730,56;-441.650,43;EUR
04.07.2025;04.07.2025;Gutschrift;Zahlung Kunde RE-95982;Kunde Gmbh;22.805,07;-424.919,87;EUR
03.07.2025;03.07.2025;Überweisung;Lieferant Material / Löhne;Lieferant AG;-15.891,63;-447.724,94;EUR
03.07.2025;03.07.2025;Gutschrift;Zahlung Kunde RE-95566;Kunde Gmbh;23.933,16;-431.833,31;EUR
02.07.2025;02.07.2025;Überweisung;Lieferant Material / Löhne;Lieferant AG;-24.916,17;-455.766,47;EUR
02.07.2025;02.07.2025;Gutschrift;Zahlung Kunde RE-46929;Kunde Gmbh;27.446,00;-430.850,30;EUR
01.07.2025;01.07.2025;Überweisung;Lieferant Material / Löhne;Lieferant AG;-13.100,68;-458.296,30;EUR
01.07.2025;01.07.2025;Gutschrift;Zahlung Kunde RE-71890;Kunde Gmbh;18.819,34;-445.195,62;EUR
30.06.2025;30.06.2025;Überweisung;Lieferant Material / Löhne;Lieferant AG;-27.803,87;-464.014,96;EUR
30.06.2025;30.06.2025;Gutschrift;Zahlung Kunde RE-82103;Kunde Gmbh;29.567,25;-436.211,09;EUR
27.06.2025;27.06.2025;Überweisung;Lieferant Material / Löhne;Lieferant AG;-28.461,68;-465.778,34;EUR
27.06.2025;27.06.2025;Gutschrift;Zahlung Kunde RE-47513;Kunde Gmbh;34.334,72;-437.316,66;EUR
26.06.2025;26.06.2025;Überweisung;Lieferant Material / Löhne;Lieferant AG;-32.388,12;-471.651,38;EUR
26.06.2025;26.06.2025;Gutschrift;Zahlung Kunde RE-28162;Kunde Gmbh;28.525,81;-439.263,26;EUR
25.06.2025;25.06.2025;Überweisung;Lieferant Material / Löhne;Lieferant AG;-15.220,18;-467.789,07;EUR
25.06.2025;25.06.2025;Gutschrift;Zahlung Kunde RE-63855;Kunde Gmbh;16.484,28;-452.568,89;EUR
24.06.2025;24.06.2025;Überweisung;Lieferant Material / Löhne;Lieferant AG;-29.216,47;-469.053,17;EUR
24.06.2025;24.06.2025;Gutschrift;Zahlung Kunde RE-20561;Kunde Gmbh;31.476,84;-439.836,70;EUR
23.06.2025;23.06.2025;Überweisung;Lieferant Material / Löhne;Lieferant AG;-21.304,75;-471.313,54;EUR
23.06.2025;23.06.2025;Gutschrift;Zahlung Kunde RE-82633;Kunde Gmbh;27.001,25;-450.008,79;EUR
20.06.2025;20.06.2025;Überweisung;Lieferant Material / Löhne;Lieferant AG;-32.746,14;-477.010,04;EUR
20.06.2025;20.06.2025;Gutschrift;Zahlung Kunde RE-92692;Kunde Gmbh;41.528,00;-444.263,90;EUR
19.06.2025;19.06.2025;Überweisung;Lieferant Material / Löhne;Lieferant AG;-38.217,20;-485.791,90;EUR
19.06.2025;19.06.2025;Gutschrift;Zahlung Kunde RE-66065;Kunde Gmbh;38.554,28;-447.574,70;EUR
18.06.2025;18.06.2025;Überweisung;Lieferant Material / Löhne;Lieferant AG;-24.577,17;-486.128,98;EUR
18.06.2025;18.06.2025;Gutschrift;Zahlung Kunde RE-58935;Kunde Gmbh;20.695,47;-461.551,81;EUR
17.06.2025;17.06.2025;Überweisung;Lieferant Material / Löhne;Lieferant AG;-23.726,07;-482.247,28;EUR
17.06.2025;17.06.2025;Gutschrift;Zahlung Kunde RE-51366;Kunde Gmbh;28.087,22;-458.521,21;EUR
16.06.2025;16.06.2025;Überweisung;Lieferant Material / Löhne;Lieferant AG;-16.938,45;-486.608,43;EUR
16.06.2025;16.06.2025;Gutschrift;Zahlung Kunde RE-44829;Kunde Gmbh;22.479,74;-469.669,98;EUR
13.06.2025;13.06.2025;Überweisung;Lieferant Material / Löhne;Lieferant AG;-31.823,12;-492.149,72;EUR
13.06.2025;13.06.2025;Gutschrift;Zahlung Kunde RE-29518;Kunde Gmbh;34.048,90;-460.326,60;EUR
12.06.2025;12.06.2025;Überweisung;Lieferant Material / Löhne;Lieferant AG;-44.416,87;-494.375,50;EUR
12.06.2025;12.06.2025;Gutschrift;Zahlung Kunde RE-47437;Kunde Gmbh;40.040,28;-449.958,63;EUR
11.06.2025;11.06.2025;Überweisung;Lieferant Material / Löhne;Lieferant AG;-24.695,66;-489.998,91;EUR
11.06.2025;11.06.2025;Gutschrift;Zahlung Kunde RE-16765;Kunde Gmbh;23.419,13;-465.303,25;EUR
10.06.2025;10.06.2025;Überweisung;Lieferant Material / Löhne;Lieferant AG;-38.439,04;-488.722,38;EUR
10.06.2025;10.06.2025;Gutschrift;Zahlung Kunde RE-16326;Kunde Gmbh;37.669,69;-450.283,34;EUR
09.06.2025;09.06.2025;Überweisung;Lieferant Material / Löhne;Lieferant AG;-10.933,85;-487.953,03;EUR
09.06.2025;09.06.2025;Gutschrift;Zahlung Kunde RE-66105;Kunde Gmbh;17.292,02;-477.019,18;EUR
06.06.2025;06.06.2025;Überweisung;Lieferant Material / Löhne;Lieferant AG;-21.886,25;-494.311,20;EUR
06.06.2025;06.06.2025;Gutschrift;Zahlung Kunde RE-87224;Kunde Gmbh;26.786,98;-472.424,95;EUR
05.06.2025;05.06.2025;Überweisung;Lieferant Material / Löhne;Lieferant AG;-27.152,81;-499.211,93;EUR
05.06.2025;05.06.2025;Gutschrift;Zahlung Kunde RE-18516;Kunde Gmbh;22.596,37;-472.059,12;EUR
04.06.2025;04.06.2025;Überweisung;Lieferant Material / Löhne;Lieferant AG;-41.558,55;-494.655,49;EUR
04.06.2025;04.06.2025;Gutschrift;Zahlung Kunde RE-47988;Kunde Gmbh;36.390,71;-453.096,94;EUR
03.06.2025;03.06.2025;Überweisung;Lieferant Material / Löhne;Lieferant AG;-32.275,25;-489.487,65;EUR
03.06.2025;03.06.2025;Gutschrift;Zahlung Kunde RE-35656;Kunde Gmbh;43.196,43;-457.212,40;EUR
02.06.2025;02.06.2025;Überweisung;Lieferant Material / Löhne;Lieferant AG;-44.420,94;-500.408,83;EUR
02.06.2025;02.06.2025;Gutschrift;Zahlung Kunde RE-25734;Kunde Gmbh;40.173,32;-455.987,89;EUR
30.05.2025;30.05.2025;Überweisung;Lieferant Material / Löhne;Lieferant AG;-16.669,96;-496.161,21;EUR
30.05.2025;30.05.2025;Gutschrift;Zahlung Kunde RE-54338;Kunde Gmbh;15.052,24;-479.491,25;EUR
29.05.2025;29.05.2025;Überweisung;Lieferant Material / Löhne;Lieferant AG;-22.395,88;-494.543,49;EUR
29.05.2025;29.05.2025;Gutschrift;Zahlung Kunde RE-53427;Kunde Gmbh;24.482,34;-472.147,61;EUR
28.05.2025;28.05.2025;Überweisung;Lieferant Material / Löhne;Lieferant AG;-28.203,51;-496.629,95;EUR
28.05.2025;28.05.2025;Gutschrift;Zahlung Kunde RE-59296;Kunde Gmbh;27.485,44;-468.426,44;EUR
27.05.2025;27.05.2025;Überweisung;Lieferant Material / Löhne;Lieferant AG;-29.861,35;-495.911,88;EUR
27.05.2025;27.05.2025;Gutschrift;Zahlung Kunde RE-28442;Kunde Gmbh;24.058,53;-466.050,53;EUR
26.05.2025;26.05.2025;Überweisung;Lieferant Material / Löhne;Lieferant AG;-43.580,56;-490.109,06;EUR
26.05.2025;26.05.2025;Gutschrift;Zahlung Kunde RE-63139;Kunde Gmbh;35.447,64;-446.528,50;EUR
23.05.2025;23.05.2025;Überweisung;Lieferant Material / Löhne;Lieferant AG;-7.863,34;-481.976,14;EUR
23.05.2025;23.05.2025;Gutschrift;Zahlung Kunde RE-74447;Kunde Gmbh;15.107,71;-474.112,80;EUR
22.05.2025;22.05.2025;Überweisung;Lieferant Material / Löhne;Lieferant AG;-31.293,34;-489.220,51;EUR
22.05.2025;22.05.2025;Gutschrift;Zahlung Kunde RE-30849;Kunde Gmbh;26.822,42;-457.927,17;EUR
21.05.2025;21.05.2025;Überweisung;Lieferant Material / Löhne;Lieferant AG;-31.414,86;-484.749,59;EUR
21.05.2025;21.05.2025;Gutschrift;Zahlung Kunde RE-73719;Kunde Gmbh;29.936,64;-453.334,73;EUR
20.05.2025;20.05.2025;Überweisung;Lieferant Material / Löhne;Lieferant AG;-36.740,49;-483.271,37;EUR
20.05.2025;20.05.2025;Gutschrift;Zahlung Kunde RE-40327;Kunde Gmbh;36.100,11;-446.530,88;EUR
19.05.2025;19.05.2025;Überweisung;Lieferant Material / Löhne;Lieferant AG;-43.666,07;-482.630,99;EUR
19.05.2025;19.05.2025;Gutschrift;Zahlung Kunde RE-24768;Kunde Gmbh;30.262,33;-438.964,92;EUR
16.05.2025;16.05.2025;Überweisung;Lieferant Material / Löhne;Lieferant AG;-10.961,63;-469.227,25;EUR
16.05.2025;16.05.2025;Gutschrift;Zahlung Kunde RE-92794;Kunde Gmbh;18.978,15;-458.265,62;EUR
15.05.2025;15.05.2025;Überweisung;Lieferant Material / Löhne;Lieferant AG;-29.171,76;-477.243,77;EUR
15.05.2025;15.05.2025;Gutschrift;Zahlung Kunde RE-57127;Kunde Gmbh;22.854,27;-448.072,01;EUR
14.05.2025;14.05.2025;Überweisung;Lieferant Material / Löhne;Lieferant AG;-18.454,70;-470.926,28;EUR
14.05.2025;14.05.2025;Gutschrift;Zahlung Kunde RE-78690;Kunde Gmbh;19.252,22;-452.471,58;EUR
13.05.2025;13.05.2025;Überweisung;Lieferant Material / Löhne;Lieferant AG;-20.269,50;-471.723,80;EUR
13.05.2025;13.05.2025;Gutschrift;Zahlung Kunde RE-21836;Kunde Gmbh;17.238,39;-451.454,30;EUR
12.05.2025;12.05.2025;Überweisung;Lieferant Material / Löhne;Lieferant AG;-31.343,33;-468.692,69;EUR
12.05.2025;12.05.2025;Gutschrift;Zahlung Kunde RE-37618;Kunde Gmbh;21.295,12;-437.349,36;EUR
09.05.2025;09.05.2025;Überweisung;Lieferant Material / Löhne;Lieferant AG;-45.430,76;-458.644,48;EUR
09.05.2025;09.05.2025;Gutschrift;Zahlung Kunde RE-60704;Kunde Gmbh;44.819,01;-413.213,72;EUR
08.05.2025;08.05.2025;Überweisung;Lieferant Material / Löhne;Lieferant AG;-42.969,10;-458.032,73;EUR
08.05.2025;08.05.2025;Gutschrift;Zahlung Kunde RE-68910;Kunde Gmbh;39.596,93;-415.063,63;EUR
07.05.2025;07.05.2025;Überweisung;Lieferant Material / Löhne;Lieferant AG;-24.871,91;-454.660,56;EUR
07.05.2025;07.05.2025;Gutschrift;Zahlung Kunde RE-20022;Kunde Gmbh;23.687,67;-429.788,65;EUR
06.05.2025;06.05.2025;Überweisung;Lieferant Material / Löhne;Lieferant AG;-45.970,81;-453.476,32;EUR
06.05.2025;06.05.2025;Gutschrift;Zahlung Kunde RE-12294;Kunde Gmbh;43.087,63;-407.505,51;EUR
05.05.2025;05.05.2025;Überweisung;Lieferant Material / Löhne;Lieferant AG;-34.195,08;-450.593,14;EUR
05.05.2025;05.05.2025;Gutschrift;Zahlung Kunde RE-21253;Kunde Gmbh;20.977,50;-416.398,06;EUR
02.05.2025;02.05.2025;Überweisung;Lieferant Material / Löhne;Lieferant AG;-41.097,29;-437.375,56;EUR
02.05.2025;02.05.2025;Gutschrift;Zahlung Kunde RE-81968;Kunde Gmbh;38.015,09;-396.278,27;EUR
01.05.2025;01.05.2025;Überweisung;Lieferant Material / Löhne;Lieferant AG;-37.012,27;-434.293,36;EUR
01.05.2025;01.05.2025;Gutschrift;Zahlung Kunde RE-71124;Kunde Gmbh;28.939,89;-397.281,09;EUR
30.04.2025;30.04.2025;Überweisung;Lieferant Material / Löhne;Lieferant AG;-40.433,50;-426.220,98;EUR
30.04.2025;30.04.2025;Gutschrift;Zahlung Kunde RE-47426;Kunde Gmbh;36.266,13;-385.787,48;EUR
29.04.2025;29.04.2025;Überweisung;Lieferant Material / Löhne;Lieferant AG;-37.421,78;-422.053,61;EUR
29.04.2025;29.04.2025;Gutschrift;Zahlung Kunde RE-48123;Kunde Gmbh;35.271,23;-384.631,83;EUR
28.04.2025;28.04.2025;Überweisung;Lieferant Material / Löhne;Lieferant AG;-26.780,77;-419.903,06;EUR
28.04.2025;28.04.2025;Gutschrift;Zahlung Kunde RE-38533;Kunde Gmbh;17.985,57;-393.122,29;EUR
25.04.2025;25.04.2025;Überweisung;Lieferant Material / Löhne;Lieferant AG;-32.265,99;-411.107,86;EUR
25.04.2025;25.04.2025;Gutschrift;Zahlung Kunde RE-98080;Kunde Gmbh;29.573,94;-378.841,87;EUR
24.04.2025;24.04.2025;Überweisung;Lieferant Material / Löhne;Lieferant AG;-17.561,76;-408.415,81;EUR
24.04.2025;24.04.2025;Gutschrift;Zahlung Kunde RE-17950;Kunde Gmbh;15.374,08;-390.854,05;EUR
23.04.2025;23.04.2025;Überweisung;Lieferant Material / Löhne;Lieferant AG;-39.160,98;-406.228,13;EUR
23.04.2025;23.04.2025;Gutschrift;Zahlung Kunde RE-27490;Kunde Gmbh;33.634,52;-367.067,15;EUR
22.04.2025;22.04.2025;Überweisung;Lieferant Material / Löhne;Lieferant AG;-41.133,17;-400.701,67;EUR
22.04.2025;22.04.2025;Gutschrift;Zahlung Kunde RE-49900;Kunde Gmbh;34.546,03;-359.568,50;EUR
21.04.2025;21.04.2025;Überweisung;Lieferant Material / Löhne;Lieferant AG;-23.336,68;-394.114,53;EUR
21.04.2025;21.04.2025;Gutschrift;Zahlung Kunde RE-43284;Kunde Gmbh;19.422,75;-370.777,85;EUR
18.04.2025;18.04.2025;Überweisung;Lieferant Material / Löhne;Lieferant AG;-19.403,47;-390.200,60;EUR
18.04.2025;18.04.2025;Gutschrift;Zahlung Kunde RE-88604;Kunde Gmbh;20.948,70;-370.797,13;EUR
17.04.2025;17.04.2025;Überweisung;Lieferant Material / Löhne;Lieferant AG;-40.035,14;-391.745,83;EUR
17.04.2025;17.04.2025;Gutschrift;Zahlung Kunde RE-94248;Kunde Gmbh;33.509,22;-351.710,69;EUR
16.04.2025;16.04.2025;Überweisung;Lieferant Material / Löhne;Lieferant AG;-30.943,23;-385.219,91;EUR
16.04.2025;16.04.2025;Gutschrift;Zahlung Kunde RE-16127;Kunde Gmbh;23.619,58;-354.276,68;EUR
15.04.2025;15.04.2025;Überweisung;Lieferant Material / Löhne;Lieferant AG;-31.508,50;-377.896,26;EUR
15.04.2025;15.04.2025;Gutschrift;Zahlung Kunde RE-99613;Kunde Gmbh;29.370,30;-346.387,76;EUR
14.04.2025;14.04.2025;Überweisung;Lieferant Material / Löhne;Lieferant AG;-46.671,33;-375.758,06;EUR
14.04.2025;14.04.2025;Gutschrift;Zahlung Kunde RE-20058;Kunde Gmbh;40.365,94;-329.086,73;EUR
11.04.2025;11.04.2025;Überweisung;Lieferant Material / Löhne;Lieferant AG;-47.240,73;-369.452,67;EUR
11.04.2025;11.04.2025;Gutschrift;Zahlung Kunde RE-74742;Kunde Gmbh;44.272,05;-322.211,94;EUR
10.04.2025;10.04.2025;Überweisung;Lieferant Material / Löhne;Lieferant AG;-34.837,29;-366.483,99;EUR
10.04.2025;10.04.2025;Gutschrift;Zahlung Kunde RE-95187;Kunde Gmbh;21.922,08;-331.646,70;EUR
09.04.2025;09.04.2025;Überweisung;Lieferant Material / Löhne;Lieferant AG;-39.188,48;-353.568,78;EUR
09.04.2025;09.04.2025;Gutschrift;Zahlung Kunde RE-36898;Kunde Gmbh;36.880,05;-314.380,30;EUR
08.04.2025;08.04.2025;Überweisung;Lieferant Material / Löhne;Lieferant AG;-37.223,47;-351.260,35;EUR
08.04.2025;08.04.2025;Gutschrift;Zahlung Kunde RE-40773;Kunde Gmbh;40.384,01;-314.036,88;EUR
07.04.2025;07.04.2025;Überweisung;Lieferant Material / Löhne;Lieferant AG;-37.746,69;-354.420,89;EUR
07.04.2025;07.04.2025;Gutschrift;Zahlung Kunde RE-19758;Kunde Gmbh;22.565,81;-316.674,20;EUR
04.04.2025;04.04.2025;Überweisung;Lieferant Material / Löhne;Lieferant AG;-39.757,75;-339.240,01;EUR
04.04.2025;04.04.2025;Gutschrift;Zahlung Kunde RE-72109;Kunde Gmbh;37.371,84;-299.482,26;EUR
03.04.2025;03.04.2025;Überweisung;Lieferant Material / Löhne;Lieferant AG;-38.406,21;-336.854,10;EUR
03.04.2025;03.04.2025;Gutschrift;Zahlung Kunde RE-18657;Kunde Gmbh;34.778,98;-298.447,89;EUR
02.04.2025;02.04.2025;Überweisung;Lieferant Material / Löhne;Lieferant AG;-40.718,62;-333.226,87;EUR
02.04.2025;02.04.2025;Gutschrift;Zahlung Kunde RE-22051;Kunde Gmbh;41.935,73;-292.508,25;EUR
01.04.2025;01.04.2025;Überweisung;Lieferant Material / Löhne;Lieferant AG;-40.447,06;-334.443,98;EUR
01.04.2025;01.04.2025;Gutschrift;Zahlung Kunde RE-75925;Kunde Gmbh;38.930,93;-293.996,92;EUR
31.03.2025;31.03.2025;Überweisung;Lieferant Material / Löhne;Lieferant AG;-29.914,22;-332.927,85;EUR
31.03.2025;31.03.2025;Gutschrift;Zahlung Kunde RE-69893;Kunde Gmbh;22.913,79;-303.013,63;EUR
28.03.2025;28.03.2025;Überweisung;Lieferant Material / Löhne;Lieferant AG;-36.103,47;-325.927,42;EUR
28.03.2025;28.03.2025;Gutschrift;Zahlung Kunde RE-74132;Kunde Gmbh;35.419,93;-289.823,95;EUR
27.03.2025;27.03.2025;Überweisung;Lieferant Material / Löhne;Lieferant AG;-16.463,21;-325.243,88;EUR
27.03.2025;27.03.2025;Gutschrift;Zahlung Kunde RE-79657;Kunde Gmbh;15.565,22;-308.780,67;EUR
26.03.2025;26.03.2025;Überweisung;Lieferant Material / Löhne;Lieferant AG;-41.650,82;-324.345,89;EUR
26.03.2025;26.03.2025;Gutschrift;Zahlung Kunde RE-92282;Kunde Gmbh;31.755,82;-282.695,07;EUR
25.03.2025;25.03.2025;Überweisung;Lieferant Material / Löhne;Lieferant AG;-19.923,84;-314.450,89;EUR
25.03.2025;25.03.2025;Gutschrift;Zahlung Kunde RE-69164;Kunde Gmbh;26.298,55;-294.527,05;EUR
24.03.2025;24.03.2025;Überweisung;Lieferant Material / Löhne;Lieferant AG;-36.489,32;-320.825,60;EUR
24.03.2025;24.03.2025;Gutschrift;Zahlung Kunde RE-23751;Kunde Gmbh;25.821,22;-284.336,28;EUR
21.03.2025;21.03.2025;Überweisung;Lieferant Material / Löhne;Lieferant AG;-12.732,10;-310.157,50;EUR
21.03.2025;21.03.2025;Gutschrift;Zahlung Kunde RE-93508;Kunde Gmbh;16.255,86;-297.425,40;EUR
20.03.2025;20.03.2025;Überweisung;Lieferant Material / Löhne;Lieferant AG;-31.293,96;-313.681,26;EUR
20.03.2025;20.03.2025;Gutschrift;Zahlung Kunde RE-14084;Kunde Gmbh;21.898,22;-282.387,30;EUR
19.03.2025;19.03.2025;Überweisung;Lieferant Material / Löhne;Lieferant AG;-41.825,54;-304.285,52;EUR
19.03.2025;19.03.2025;Gutschrift;Zahlung Kunde RE-94264;Kunde Gmbh;43.682,33;-262.459,98;EUR
18.03.2025;18.03.2025;Überweisung;Lieferant Material / Löhne;Lieferant AG;-39.155,28;-306.142,31;EUR
18.03.2025;18.03.2025;Gutschrift;Zahlung Kunde RE-99508;Kunde Gmbh;38.939,02;-266.987,03;EUR
17.03.2025;17.03.2025;Überweisung;Lieferant Material / Löhne;Lieferant AG;-47.776,55;-305.926,05;EUR
17.03.2025;17.03.2025;Gutschrift;Zahlung Kunde RE-86554;Kunde Gmbh;39.792,27;-258.149,50;EUR
14.03.2025;14.03.2025;Überweisung;Lieferant Material / Löhne;Lieferant AG;-41.687,68;-297.941,77;EUR
14.03.2025;14.03.2025;Gutschrift;Zahlung Kunde RE-12107;Kunde Gmbh;40.048,13;-256.254,09;EUR
13.03.2025;13.03.2025;Überweisung;Lieferant Material / Löhne;Lieferant AG;-30.769,22;-296.302,22;EUR
13.03.2025;13.03.2025;Gutschrift;Zahlung Kunde RE-84511;Kunde Gmbh;37.586,01;-265.533,00;EUR
12.03.2025;12.03.2025;Überweisung;Lieferant Material / Löhne;Lieferant AG;-27.178,96;-303.119,01;EUR
12.03.2025;12.03.2025;Gutschrift;Zahlung Kunde RE-78649;Kunde Gmbh;19.179,23;-275.940,05;EUR
11.03.2025;11.03.2025;Überweisung;Lieferant Material / Löhne;Lieferant AG;-32.181,21;-295.119,28;EUR
11.03.2025;11.03.2025;Gutschrift;Zahlung Kunde RE-76262;Kunde Gmbh;33.819,96;-262.938,07;EUR
10.03.2025;10.03.2025;Überweisung;Lieferant Material / Löhne;Lieferant AG;-40.753,50;-296.758,03;EUR
10.03.2025;10.03.2025;Gutschrift;Zahlung Kunde RE-77237;Kunde Gmbh;39.745,71;-256.004,53;EUR
07.03.2025;07.03.2025;Überweisung;Lieferant Material / Löhne;Lieferant AG;-35.952,36;-295.750,24;EUR
07.03.2025;07.03.2025;Gutschrift;Zahlung Kunde RE-15739;Kunde Gmbh;34.296,58;-259.797,88;EUR
06.03.2025;06.03.2025;Überweisung;Lieferant Material / Löhne;Lieferant AG;-19.710,63;-294.094,46;EUR
06.03.2025;06.03.2025;Gutschrift;Zahlung Kunde RE-91095;Kunde Gmbh;19.483,89;-274.383,83;EUR
05.03.2025;05.03.2025;Überweisung;Lieferant Material / Löhne;Lieferant AG;-37.765,94;-293.867,72;EUR
05.03.2025;05.03.2025;Gutschrift;Zahlung Kunde RE-74774;Kunde Gmbh;36.620,32;-256.101,78;EUR
04.03.2025;04.03.2025;Überweisung;Lieferant Material / Löhne;Lieferant AG;-21.923,00;-292.722,10;EUR
04.03.2025;04.03.2025;Gutschrift;Zahlung Kunde RE-52747;Kunde Gmbh;26.685,49;-270.799,10;EUR
03.03.2025;03.03.2025;Überweisung;Lieferant Material / Löhne;Lieferant AG;-38.876,66;-297.484,59;EUR
03.03.2025;03.03.2025;Gutschrift;Zahlung Kunde RE-88192;Kunde Gmbh;34.726,31;-258.607,93;EUR
28.02.2025;28.02.2025;Überweisung;Lieferant Material / Löhne;Lieferant AG;-41.918,75;-293.334,24;EUR
28.02.2025;28.02.2025;Gutschrift;Zahlung Kunde RE-30349;Kunde Gmbh;43.729,12;-251.415,49;EUR
27.02.2025;27.02.2025;Überweisung;Lieferant Material / Löhne;Lieferant AG;-13.666,12;-295.144,61;EUR
27.02.2025;27.02.2025;Gutschrift;Zahlung Kunde RE-86753;Kunde Gmbh;21.984,29;-281.478,49;EUR
26.02.2025;26.02.2025;Überweisung;Lieferant Material / Löhne;Lieferant AG;-28.501,34;-303.462,78;EUR
26.02.2025;26.02.2025;Gutschrift;Zahlung Kunde RE-92532;Kunde Gmbh;23.989,38;-274.961,44;EUR
25.02.2025;25.02.2025;Überweisung;Lieferant Material / Löhne;Lieferant AG;-11.207,17;-298.950,82;EUR
25.02.2025;25.02.2025;Gutschrift;Zahlung Kunde RE-12948;Kunde Gmbh;16.250,01;-287.743,65;EUR
24.02.2025;24.02.2025;Überweisung;Lieferant Material / Löhne;Lieferant AG;-15.240,16;-303.993,66;EUR
24.02.2025;24.02.2025;Gutschrift;Zahlung Kunde RE-86913;Kunde Gmbh;19.315,95;-288.753,50;EUR
21.02.2025;21.02.2025;Überweisung;Lieferant Material / Löhne;Lieferant AG;-26.628,95;-308.069,45;EUR
21.02.2025;21.02.2025;Gutschrift;Zahlung Kunde RE-21764;Kunde Gmbh;17.725,55;-281.440,50;EUR
20.02.2025;20.02.2025;Überweisung;Lieferant Material / Löhne;Lieferant AG;-12.589,87;-299.166,05;EUR
20.02.2025;20.02.2025;Gutschrift;Zahlung Kunde RE-10648;Kunde Gmbh;22.445,38;-286.576,18;EUR
19.02.2025;19.02.2025;Überweisung;Lieferant Material / Löhne;Lieferant AG;-33.727,43;-309.021,56;EUR
19.02.2025;19.02.2025;Gutschrift;Zahlung Kunde RE-36342;Kunde Gmbh;30.082,92;-275.294,13;EUR
18.02.2025;18.02.2025;Überweisung;Lieferant Material / Löhne;Lieferant AG;-17.508,49;-305.377,05;EUR
18.02.2025;18.02.2025;Gutschrift;Zahlung Kunde RE-46559;Kunde Gmbh;17.516,72;-287.868,56;EUR
17.02.2025;17.02.2025;Überweisung;Lieferant Material / Löhne;Lieferant AG;-1.593,63;-305.385,28;EUR
17.02.2025;17.02.2025;Gutschrift;Zahlung Kunde RE-60020;Kunde Gmbh;15.032,07;-303.791,65;EUR
14.02.2025;14.02.2025;Überweisung;Lieferant Material / Löhne;Lieferant AG;-24.848,39;-318.823,72;EUR
14.02.2025;14.02.2025;Gutschrift;Zahlung Kunde RE-33980;Kunde Gmbh;21.535,98;-293.975,33;EUR
13.02.2025;13.02.2025;Überweisung;Lieferant Material / Löhne;Lieferant AG;-42.876,87;-315.511,31;EUR
13.02.2025;13.02.2025;Gutschrift;Zahlung Kunde RE-50573;Kunde Gmbh;43.970,00;-272.634,44;EUR
12.02.2025;12.02.2025;Überweisung;Lieferant Material / Löhne;Lieferant AG;-16.444,19;-316.604,44;EUR
12.02.2025;12.02.2025;Gutschrift;Zahlung Kunde RE-14515;Kunde Gmbh;24.706,02;-300.160,25;EUR
11.02.2025;11.02.2025;Überweisung;Lieferant Material / Löhne;Lieferant AG;-43.282,17;-324.866,27;EUR
11.02.2025;11.02.2025;Gutschrift;Zahlung Kunde RE-81706;Kunde Gmbh;43.853,60;-281.584,10;EUR
10.02.2025;10.02.2025;Überweisung;Lieferant Material / Löhne;Lieferant AG;-7.077,50;-325.437,70;EUR
10.02.2025;10.02.2025;Gutschrift;Zahlung Kunde RE-57728;Kunde Gmbh;15.108,68;-318.360,20;EUR
07.02.2025;07.02.2025;Überweisung;Lieferant Material / Löhne;Lieferant AG;-20.032,91;-333.468,88;EUR
07.02.2025;07.02.2025;Gutschrift;Zahlung Kunde RE-68435;Kunde Gmbh;19.725,99;-313.435,97;EUR
06.02.2025;06.02.2025;Überweisung;Lieferant Material / Löhne;Lieferant AG;-7.866,34;-333.161,96;EUR
06.02.2025;06.02.2025;Gutschrift;Zahlung Kunde RE-34294;Kunde Gmbh;16.357,12;-325.295,62;EUR
05.02.2025;05.02.2025;Überweisung;Lieferant Material / Löhne;Lieferant AG;-17.645,19;-341.652,74;EUR
05.02.2025;05.02.2025;Gutschrift;Zahlung Kunde RE-48411;Kunde Gmbh;22.266,39;-324.007,55;EUR
04.02.2025;04.02.2025;Überweisung;Lieferant Material / Löhne;Lieferant AG;-41.237,24;-346.273,94;EUR
04.02.2025;04.02.2025;Gutschrift;Zahlung Kunde RE-88483;Kunde Gmbh;44.127,90;-305.036,70;EUR
03.02.2025;03.02.2025;Überweisung;Lieferant Material / Löhne;Lieferant AG;-38.893,87;-349.164,60;EUR
03.02.2025;03.02.2025;Gutschrift;Zahlung Kunde RE-97889;Kunde Gmbh;41.116,13;-310.270,73;EUR
31.01.2025;31.01.2025;Überweisung;Lieferant Material / Löhne;Lieferant AG;-13.697,24;-351.386,86;EUR
31.01.2025;31.01.2025;Gutschrift;Zahlung Kunde RE-59922;Kunde Gmbh;17.534,55;-337.689,62;EUR
30.01.2025;30.01.2025;Überweisung;Lieferant Material / Löhne;Lieferant AG;-19.916,19;-355.224,17;EUR
30.01.2025;30.01.2025;Gutschrift;Zahlung Kunde RE-17261;Kunde Gmbh;27.922,22;-335.307,98;EUR
29.01.2025;29.01.2025;Überweisung;Lieferant Material / Löhne;Lieferant AG;-41.613,75;-363.230,20;EUR
29.01.2025;29.01.2025;Gutschrift;Zahlung Kunde RE-43501;Kunde Gmbh;37.226,68;-321.616,45;EUR
28.01.2025;28.01.2025;Überweisung;Lieferant Material / Löhne;Lieferant AG;-6.059,82;-358.843,13;EUR
28.01.2025;28.01.2025;Gutschrift;Zahlung Kunde RE-91978;Kunde Gmbh;15.427,65;-352.783,31;EUR
27.01.2025;27.01.2025;Überweisung;Lieferant Material / Löhne;Lieferant AG;-34.210,60;-368.210,96;EUR
27.01.2025;27.01.2025;Gutschrift;Zahlung Kunde RE-27015;Kunde Gmbh;44.456,46;-334.000,36;EUR
24.01.2025;24.01.2025;Überweisung;Lieferant Material / Löhne;Lieferant AG;-22.627,57;-378.456,82;EUR
24.01.2025;24.01.2025;Gutschrift;Zahlung Kunde RE-55554;Kunde Gmbh;19.191,56;-355.829,25;EUR
23.01.2025;23.01.2025;Überweisung;Lieferant Material / Löhne;Lieferant AG;-12.129,62;-375.020,81;EUR
23.01.2025;23.01.2025;Gutschrift;Zahlung Kunde RE-93358;Kunde Gmbh;25.281,14;-362.891,19;EUR
22.01.2025;22.01.2025;Überweisung;Lieferant Material / Löhne;Lieferant AG;-43.364,89;-388.172,33;EUR
22.01.2025;22.01.2025;Gutschrift;Zahlung Kunde RE-40089;Kunde Gmbh;35.632,25;-344.807,44;EUR
21.01.2025;21.01.2025;Überweisung;Lieferant Material / Löhne;Lieferant AG;-33.720,57;-380.439,69;EUR
21.01.2025;21.01.2025;Gutschrift;Zahlung Kunde RE-50341;Kunde Gmbh;44.109,37;-346.719,12;EUR
20.01.2025;20.01.2025;Überweisung;Lieferant Material / Löhne;Lieferant AG;-23.822,32;-390.828,49;EUR
20.01.2025;20.01.2025;Gutschrift;Zahlung Kunde RE-61522;Kunde Gmbh;31.377,19;-367.006,17;EUR
17.01.2025;17.01.2025;Überweisung;Lieferant Material / Löhne;Lieferant AG;-19.679,90;-398.383,36;EUR
17.01.2025;17.01.2025;Gutschrift;Zahlung Kunde RE-74880;Kunde Gmbh;27.965,33;-378.703,46;EUR
16.01.2025;16.01.2025;Überweisung;Lieferant Material / Löhne;Lieferant AG;-13.570,00;-406.668,79;EUR
16.01.2025;16.01.2025;Gutschrift;Zahlung Kunde RE-95210;Kunde Gmbh;18.188,44;-393.098,79;EUR
15.01.2025;15.01.2025;Überweisung;Lieferant Material / Löhne;Lieferant AG;-34.268,17;-411.287,23;EUR
15.01.2025;15.01.2025;Gutschrift;Zahlung Kunde RE-68596;Kunde Gmbh;29.242,82;-377.019,06;EUR
14.01.2025;14.01.2025;Überweisung;Lieferant Material / Löhne;Lieferant AG;-36.120,31;-406.261,88;EUR
14.01.2025;14.01.2025;Gutschrift;Zahlung Kunde RE-77401;Kunde Gmbh;44.341,55;-370.141,57;EUR
13.01.2025;13.01.2025;Überweisung;Lieferant Material / Löhne;Lieferant AG;-27.070,23;-414.483,12;EUR
13.01.2025;13.01.2025;Gutschrift;Zahlung Kunde RE-82227;Kunde Gmbh;36.992,41;-387.412,89;EUR
10.01.2025;10.01.2025;Überweisung;Lieferant Material / Löhne;Lieferant AG;-8.073,35;-424.405,30;EUR
10.01.2025;10.01.2025;Gutschrift;Zahlung Kunde RE-12416;Kunde Gmbh;16.108,48;-416.331,95;EUR
09.01.2025;09.01.2025;Überweisung;Lieferant Material / Löhne;Lieferant AG;-41.506,11;-432.440,43;EUR
09.01.2025;09.01.2025;Gutschrift;Zahlung Kunde RE-42826;Kunde Gmbh;39.110,37;-390.934,32;EUR
08.01.2025;08.01.2025;Überweisung;Lieferant Material / Löhne;Lieferant AG;-11.741,86;-430.044,69;EUR
08.01.2025;08.01.2025;Gutschrift;Zahlung Kunde RE-55482;Kunde Gmbh;20.337,00;-418.302,83;EUR
07.01.2025;07.01.2025;Überweisung;Lieferant Material / Löhne;Lieferant AG;-28.906,43;-438.639,83;EUR
07.01.2025;07.01.2025;Gutschrift;Zahlung Kunde RE-98100;Kunde Gmbh;28.370,61;-409.733,40;EUR
06.01.2025;06.01.2025;Überweisung;Lieferant Material / Löhne;Lieferant AG;-32.048,24;-438.104,01;EUR
06.01.2025;06.01.2025;Gutschrift;Zahlung Kunde RE-48005;Kunde Gmbh;37.784,95;-406.055,77;EUR
03.01.2025;03.01.2025;Überweisung;Lieferant Material / Löhne;Lieferant AG;-24.921,19;-443.840,72;EUR
03.01.2025;03.01.2025;Gutschrift;Zahlung Kunde RE-79610;Kunde Gmbh;33.860,13;-418.919,53;EUR
02.01.2025;02.01.2025;Überweisung;Lieferant Material / Löhne;Lieferant AG;-19.635,79;-452.779,66;EUR
02.01.2025;02.01.2025;Gutschrift;Zahlung Kunde RE-50893;Kunde Gmbh;20.434,38;-433.143,87;EUR
01.01.2025;01.01.2025;Überweisung;Lieferant Material / Löhne;Lieferant AG;-93.421,72;-453.578,25;EUR
01.01.2025;01.01.2025;Gutschrift;Zahlung Kunde RE-16603;Kunde Gmbh;19.843,47;-360.156,53;EUR
